chassistype,number_of_systems,avg_psys_rap_watts,avg_pkg_c0,avg_freq_mhz,avg_temp_centigrade
Notebook,30,3.2225406569662116,33.46958363927272,1388.14355368471,41.0221492791934
Desktop,15,13.291723529155798,52.752456396824634,3160.812172316176,43.44957276200328
2 in 1,8,2.551804344580391,45.57699658671893,1991.7229474382225,51.18094615680343
Intel NUC/STK,2,4.460212081699261,25.277607028435778,1681.9706899577902,38.826630566046134
