os_name,os_codename,num_entries,number_of_systems,entries_per_system
Win11,22H2,23405879,19304,1212.4885515955243
Win10,21H2,5636175,5818,968.7478514953592
Win10,21H1,366856,470,780.5446808510638
Win10,19H1,43863,31,1414.9354838709678
Win10,RS5,100590,81,1241.851851851852
Win10,20H1,109299,66,1656.0454545454545
Win10,22H2,9672202,6109,1583.2709117695204
Win10,20H2,685702,767,894.0052151238592
Win11,21H2,3156053,8055,391.8129112352576
Win10,19H2,143344,130,1102.6461538461538
