chassistype,number_of_systems,avg_psys_rap_watts,avg_pkg_c0,avg_freq_mhz,avg_temp_centigrade
Desktop,14,34.59552772808586,6.159740259740261,2.586700300558179,58.34770318021202
Workstation,1,1.0,2.0,2.0,2.0
Tablet,1,3.2,1.5,1.2,42.0
Server/WS,305,51.586522665598274,105.51022522836624,3.9029996106202316,53.71010711121849
Notebook,11,19.152586206896554,23.119444444444447,108.11839080459771,60.38028169014085
2 in 1,2,1.2058823529411764,59.61920529801324,2.0,61.0
