chassistype,number_of_systems,avg_psys_rap_watts,avg_pkg_c0,avg_freq_mhz,avg_temp_centigrade
Notebook,226,14.539921933627948,19242.11646996913,876592082.7671947,61.01525103434453
Desktop,182,16.568106907195535,2367.9198127361133,509141218.2647976,59.97397495497759
Server/WS,3,0.6288461538461538,0.6868918918918919,647354.5882352941,59.59574468085106
Intel NUC/STK,296,11.844345844395082,8274.348246749702,685661583.6852559,58.65748859191656
2 in 1,31,10.518488276617097,52.57622250970246,514186348.23039556,57.736533333333334
Tablet,52,8.80337519053495,46.842214022140226,906064673.855964,51.65947424403586
