country,number_of_systems,avg_number_of_dc_powerons,avg_duration
India,221,5.081447963800905,209.8733031674208
China,659,4.7663125948406675,211.2701062215478
