chassistype,number_of_systems,avg_psys_rap_watts,avg_pkg_c0,avg_freq_mhz,avg_temp_centigrade
2 in 1,4,4.222705511614915,40.96639076262675,1965.6298943501604,48.09487593290751
Intel NUC/STK,2,3.097491999323856,49.52055948269967,1780.363846632786,42.155411791457986
Notebook,29,7.637993185950857,46.94148484348983,2026.1222247630146,52.54785497054467
Desktop,14,5.638518843325555,43.90533422671312,5696.518941607835,41.66080409907482
