os_name,os_codename,num_entries,number_of_systems,entries_per_system
Win11,22H2,24071090,19473,1236.1264314692137
Win10,21H2,5410033,5563,972.5027862664031
Win10,RS5,85484,68,1257.1176470588234
Win10,21H1,379101,467,811.779443254818
Win10,19H1,32197,30,1073.2333333333333
Win10,20H1,104374,75,1391.6533333333334
Win10,22H2,9714936,6049,1606.0400066126633
Win11,21H2,3409166,8199,415.8026588608367
Win10,20H2,817776,754,1084.5835543766577
Win10,19H2,117710,124,949.2741935483871
