chassistype,number_of_systems,avg_psys_rap_watts,avg_pkg_c0,avg_freq_mhz,avg_temp_centigrade
Intel NUC/STK,126,14.68992995455624,629.7854610158524,267444786.11734572,54.932872681883026
Tablet,5,24.8,17.20408163265306,117536700.0,56.12
Other,1,6.0,200.0,2100000000.0,55.0
Desktop,145,40.03304940860093,5749.163857573279,1616051593.5905569,63.51223191757779
Notebook,182,40.922941499346074,7178.244327580129,658144336.522632,63.96211110936789
Server/WS,1,30.0,65.0,2600000.0,48.0
