country,number_of_systems,avg_number_of_dc_powerons,avg_duration
Japan,156,7.532051282051282,299.8076923076923
Brazil,178,7.106741573033708,293.5674157303371
China,247,7.004048582995951,276.8218623481781
United Kingdom of Great Britain and Northern Ireland,202,6.247524752475248,260.0495049504951
Germany,102,6.029411764705882,235.83333333333334
France,149,5.691275167785235,202.11409395973155
India,286,5.451048951048951,214.23076923076923
