method,mean,median,std,count
mst,1769.8442415947115,10.756946826758147,13503.569292564236,85
pe_conditional,14.48876424834421,3.7921313770804828,30.536942527630888,60
pertable,14.382280424076901,2.931357693815006,32.781568188158495,85
widetable,558.6743589884593,16.420158488052476,3252.9506539387844,51
