chassistype,number_of_systems,avg_psys_rap_watts,avg_pkg_c0,avg_freq_mhz,avg_temp_centigrade
Server/WS,1248,0.0023007375564305364,0.023213179711848206,0.0071405605105755825,0.0028385811885664933
Notebook,103029,0.0019857667163879654,0.02053021555749607,0.008526631242440061,0.002654208922040438
Desktop,44729,0.0018075645181085593,0.02300063317002995,0.0057925536942941116,0.002846527459993666
Other,1385,0.002294925469805411,0.02156380946842885,0.007507883735860831,0.0032560854704432036
Intel NUC/STK,2762,0.0019960375151403895,0.023256742722503103,0.006375595236524606,0.002775273531398339
2 in 1,9390,0.0012996189034825917,0.02322829771863259,0.006604732256042962,0.003012969538267972
Tablet,923,0.0020077148621225724,0.020868279305847667,0.007283914272043734,0.002952914075249115
