chassistype,number_of_systems,avg_psys_rap_watts,avg_pkg_c0,avg_freq_mhz,avg_temp_centigrade
Other,1390,0.002091612634926715,0.021788606873907903,0.0077472049900456814,0.003108876949693946
Server/WS,1241,0.0020991526250604313,0.023814280863860667,0.007308194868908731,0.003422088551701263
Notebook,102416,0.0019592373155867316,0.020659635600823564,0.008554454482198158,0.0026212492804920354
Tablet,997,0.002296156515972717,0.02162618603712443,0.006830404649284644,0.002982198612670551
Desktop,44595,0.001844744343100888,0.02297901381426597,0.005716548562256812,0.0027994268659323066
Intel NUC/STK,2807,0.0020989066600714313,0.02307776719460835,0.006857522490320525,0.00282938093569942
2 in 1,9279,0.001263303394644881,0.023054905882524873,0.006558158930707338,0.0029779590722521414
