country,number_of_systems,avg_number_of_dc_powerons,avg_duration
China,172,3.230232558139534,143.9093023255814
India,156,3.2121794871794873,143.39166666666665
Germany,169,3.1301775147928996,143.74674556213017
United Kingdom of Great Britain and Northern Ireland,153,2.9075163398692814,140.3954248366013
United States of America,138,2.822463768115942,136.7391304347826
