proc_name,total_duration_sec_per_instance,rank
Sonos.exe,67.26031137121524,1
NA,51.32233562330482,2
SoftwareUpdate.exe,41.36064765578195,3
LockApp.exe,35.43392502868728,4
RtlS5Wake.exe,31.536390487431085,5
LogiOverlay.exe,30.333147541643328,6
McUICnt.exe,27.493203617567865,7
SLDWORKS.exe,26.41982208350914,8
OneDrive.exe,26.403616134272074,9
Inventor.exe,25.80867851163055,10
