proc_name,total_duration_sec_per_instance,rank
NA,10155.95182311934,1
rundll32.exe,38.40348145483064,2
mspaint.exe,34.43304582410464,3
McUICnt.exe,31.706770104821953,4
googledrivesync.exe,29.639083627533033,5
AVGUI.exe,28.770398084616794,6
TeamViewer.exe,24.795115336508143,7
nvcplui.exe,24.46632963732394,8
wmplayer.exe,22.726211444804143,9
SynTPEnh.exe,21.436606798873452,10
