chassistype,number_of_systems,avg_psys_rap_watts,avg_pkg_c0,avg_freq_mhz,avg_temp_centigrade
Notebook,59,4.423013688505912,37.4467112521077,1582.0499380540814,44.529059088414186
Desktop,29,6.31612602772597,45.06892774279299,5442.458819850663,41.8382040958111
Intel NUC/STK,4,3.873279011698715,42.44325258766346,1755.2885667178482,41.304743235160096
2 in 1,12,2.5531315582443592,45.564168084143034,1991.6877161732373,51.17677949083662
