processor_class,os,number_of_systems,avg_bytes_received,avg_bytes_sent
Non-Server Class,Win Server,58,8306623227188.609,6575987355182.997
Server Class,Win11,27,798236989628.4269,503003553433.9118
Server Class,Win Server,52,7639490966850.959,2285146379193.271
Non-Server Class,n/a,3,196591994969.28333,30642123470.903088
Server Class,Win10,297,5.703838025139793e+17,5.703803582286767e+17
Non-Server Class,Win11,8602,1.3073790528652484e+16,1.30728613746192e+16
Non-Server Class,Win8.1,34,701831807141.7595,103084210472.08081
Non-Server Class,Win10,28151,5296385407579864.0,5295321445531378.0
